{"type":"553356775a584967515752746157343d","created_date_time":"2025-07-31 13:09:58","creator":"4d6a6b774e4449774d6a55784d4441344d7a6c664d44453d","creator_name":"","creator_mobile_number":"4f5459314e5451314e6a45324e773d3d","table":"636d46345833567561563977636d396b64574e30","table_unique_id":1,"action":"534739745a534251636d396b64574e304945466b5a47566b","query":"565642455156524649484a6865463931626d6c6663484a765a48566a644342545256516761584e66614739745a563977636d396b64574e30494430674a7a456e4946644952564a4649476c6b505363784a773d3d"}
{"type":"553356775a584967515752746157343d","created_date_time":"2025-07-31 13:10:31","creator":"4d6a6b774e4449774d6a55784d4441344d7a6c664d44453d","creator_name":"","creator_mobile_number":"4f5459314e5451314e6a45324e773d3d","table":"636d46345833567561563977636d396b64574e30","table_unique_id":5,"action":"534739745a534251636d396b64574e304945466b5a47566b","query":"565642455156524649484a6865463931626d6c6663484a765a48566a644342545256516761584e66614739745a563977636d396b64574e30494430674a7a456e4946644952564a4649476c6b505363314a773d3d"}
{"type":"553356775a584967515752746157343d","created_date_time":"2025-07-31 13:10:44","creator":"4d6a6b774e4449774d6a55784d4441344d7a6c664d44453d","creator_name":"","creator_mobile_number":"4f5459314e5451314e6a45324e773d3d","table":"636d46345833567561563977636d396b64574e30","table_unique_id":4,"action":"534739745a534251636d396b64574e304945466b5a47566b","query":"565642455156524649484a6865463931626d6c6663484a765a48566a644342545256516761584e66614739745a563977636d396b64574e30494430674a7a416e4946644952564a4649476c6b505363304a773d3d"}
{"type":"553356775a584967515752746157343d","created_date_time":"2025-07-31 13:11:29","creator":"4d6a6b774e4449774d6a55784d4441344d7a6c664d44453d","creator_name":"","creator_mobile_number":"4f5459314e5451314e6a45324e773d3d","table":"636d46345833567561563977636d396b64574e30","table_unique_id":5,"action":"534739745a534251636d396b64574e304945466b5a47566b","query":"565642455156524649484a6865463931626d6c6663484a765a48566a644342545256516761584e66614739745a563977636d396b64574e30494430674a7a416e4946644952564a4649476c6b505363314a773d3d"}
{"type":"553356775a584967515752746157343d","created_date_time":"2025-07-31 13:11:46","creator":"4d6a6b774e4449774d6a55784d4441344d7a6c664d44453d","creator_name":"","creator_mobile_number":"4f5459314e5451314e6a45324e773d3d","table":"636d46345833567561563977636d396b64574e30","table_unique_id":5,"action":"534739745a534251636d396b64574e304945466b5a47566b","query":"565642455156524649484a6865463931626d6c6663484a765a48566a644342545256516761584e66614739745a563977636d396b64574e30494430674a7a456e4946644952564a4649476c6b505363314a773d3d"}
{"type":"553356775a584967515752746157343d","created_date_time":"2025-07-31 13:11:51","creator":"4d6a6b774e4449774d6a55784d4441344d7a6c664d44453d","creator_name":"","creator_mobile_number":"4f5459314e5451314e6a45324e773d3d","table":"636d46345833567561563977636d396b64574e30","table_unique_id":4,"action":"534739745a534251636d396b64574e304945466b5a47566b","query":"565642455156524649484a6865463931626d6c6663484a765a48566a644342545256516761584e66614739745a563977636d396b64574e30494430674a7a456e4946644952564a4649476c6b505363304a773d3d"}
{"type":"553356775a584967515752746157343d","created_date_time":"2025-07-31 13:11:53","creator":"4d6a6b774e4449774d6a55784d4441344d7a6c664d44453d","creator_name":"","creator_mobile_number":"4f5459314e5451314e6a45324e773d3d","table":"636d46345833567561563977636d396b64574e30","table_unique_id":1,"action":"534739745a534251636d396b64574e304945466b5a47566b","query":"565642455156524649484a6865463931626d6c6663484a765a48566a644342545256516761584e66614739745a563977636d396b64574e30494430674a7a416e4946644952564a4649476c6b505363784a773d3d"}
{"type":"553356775a584967515752746157343d","created_date_time":"2025-07-31 13:12:05","creator":"4d6a6b774e4449774d6a55784d4441344d7a6c664d44453d","creator_name":"","creator_mobile_number":"4f5459314e5451314e6a45324e773d3d","table":"636d46345833567561563977636d396b64574e30","table_unique_id":4,"action":"534739745a534251636d396b64574e304945466b5a47566b","query":"565642455156524649484a6865463931626d6c6663484a765a48566a644342545256516761584e66614739745a563977636d396b64574e30494430674a7a416e4946644952564a4649476c6b505363304a773d3d"}
{"type":"553356775a584967515752746157343d","created_date_time":"2025-07-31 13:12:06","creator":"4d6a6b774e4449774d6a55784d4441344d7a6c664d44453d","creator_name":"","creator_mobile_number":"4f5459314e5451314e6a45324e773d3d","table":"636d46345833567561563977636d396b64574e30","table_unique_id":5,"action":"534739745a534251636d396b64574e304945466b5a47566b","query":"565642455156524649484a6865463931626d6c6663484a765a48566a644342545256516761584e66614739745a563977636d396b64574e30494430674a7a416e4946644952564a4649476c6b505363314a773d3d"}
{"type":"553356775a584967515752746157343d","created_date_time":"2025-07-31 13:12:10","creator":"4d6a6b774e4449774d6a55784d4441344d7a6c664d44453d","creator_name":"","creator_mobile_number":"4f5459314e5451314e6a45324e773d3d","table":"636d46345833567561563977636d396b64574e30","table_unique_id":5,"action":"534739745a534251636d396b64574e304945466b5a47566b","query":"565642455156524649484a6865463931626d6c6663484a765a48566a644342545256516761584e66614739745a563977636d396b64574e30494430674a7a456e4946644952564a4649476c6b505363314a773d3d"}
{"type":"553356775a584967515752746157343d","created_date_time":"2025-07-31 13:12:12","creator":"4d6a6b774e4449774d6a55784d4441344d7a6c664d44453d","creator_name":"","creator_mobile_number":"4f5459314e5451314e6a45324e773d3d","table":"636d46345833567561563977636d396b64574e30","table_unique_id":4,"action":"534739745a534251636d396b64574e304945466b5a47566b","query":"565642455156524649484a6865463931626d6c6663484a765a48566a644342545256516761584e66614739745a563977636d396b64574e30494430674a7a456e4946644952564a4649476c6b505363304a773d3d"}
{"type":"553356775a584967515752746157343d","created_date_time":"2025-07-31 13:12:13","creator":"4d6a6b774e4449774d6a55784d4441344d7a6c664d44453d","creator_name":"","creator_mobile_number":"4f5459314e5451314e6a45324e773d3d","table":"636d46345833567561563977636d396b64574e30","table_unique_id":1,"action":"534739745a534251636d396b64574e304945466b5a47566b","query":"565642455156524649484a6865463931626d6c6663484a765a48566a644342545256516761584e66614739745a563977636d396b64574e30494430674a7a456e4946644952564a4649476c6b505363784a773d3d"}
{"type":"553356775a584967515752746157343d","created_date_time":"2025-07-31 15:24:35","creator":"4d6a6b774e4449774d6a55784d4441344d7a6c664d44453d","creator_name":"","creator_mobile_number":"4f5459314e5451314e6a45324e773d3d","table":"636d463458335675615639736232647062673d3d","table_unique_id":"15","action":"56584e6c6369424d62326470626934675247563059576c736379417449484e7961584e765a6e523359584a6c6569416f4f5459314e5451314e6a45324e796b7349456c514945466b5a484a6c63334d674c5341784d6a63754d4334774c6a453d","query":"5355355452564a5549456c4f56453867636d46345833567561563973623264706269416f6247396e6157356c636c39755957316c4c4778765a326c75583252686447566664476c745a53787362326476645852665a4746305a5639306157316c4c476c775832466b5a484a6c63334d73596e4a7664334e6c636978766331396b5a5852686157777364486c775a5378316332567958326c6b4c47526c624756305a57517049465a42544656465579416f4a7a597a4d7a4d30595463774e6a4d7a4d6a4d354e6d51324e4451344e6a51324f44597a4e6d51314e6a4d324e446b304d7a59334d7a55305a545a684e54557a4d54526c4e4451314e544d794e4751314e4455354d7a4d30596a55784d32517a5a4363734a7a49774d6a55744d4463744d7a45674d5455364d6a51364d7a556e4c4363794d4449314c5441334c544d78494445314f6a49304f6a4d314a79776e4d5449334c6a41754d4334784a79776e5457393661577873595338314c6a41674b466470626d527664334d67546c51674d5441754d44736756326c754e6a5137494867324e447367636e59364d5451784c6a41704945646c593274764c7a49774d5441774d54417849455a70636d566d623367764d5451784c6a416e4c4364586157356b6233647a49453555494552465530745554314174513038784e556330565341784d43347749474a316157786b494449324d544177494368586157356b6233647a494445784b534242545551324e4363734a314e31634756794945466b62576c754a79776e4e47513259545a694e7a63305a5451304e446b334e7a526b4e6d45314e5463344e4751304e4451784d7a51305a4464684e6d4d324e6a526b4e4451304e544e6b4a79776e4d436370"}
